t,count,max,mean,min,stddev,p50,p75,p95,p98,p99,p999,mean_rate,m1_rate,m5_rate,m15_rate,rate_unit,duration_unit
1743022306,38289941,7.739004,0.996385,0.610232,0.326011,0.966018,1.057055,1.244770,1.351995,1.430843,7.739004,10635.924008,10028.807718,10140.801851,10413.154886,calls/second,milliseconds
